[
  {
    "ParameterKey": "AllSupported",
    "ParameterValue": "true"
  },
  {
      "ParameterKey": "IncludeGlobalResourceTypes",
      "ParameterValue": "true"
  },
  {
      "ParameterKey": "ResourceTypes",
      "ParameterValue": "AWS::CloudTrail::Trail"
  },
  {
      "ParameterKey": "DeliveryChannelName",
      "ParameterValue": "Landing-Zone-Delivery-Channel"
  },
  {
      "ParameterKey": "Frequency",
      "ParameterValue": "24hours"
  },
  {
      "ParameterKey": "TopicArn",
      "ParameterValue": "$[alfred_ssm_/org/primary/sns_topic_arn]"
  },
  {
      "ParameterKey": "BucketName",
      "ParameterValue": "$[alfred_ssm_/org/member/logging/bucket_name]"
  }
]
